names	scores	pvals	pvals_adj	log2foldchanges
Shisa6	-40.068687	0.0	0.0	-27.953762
Grin3a	-40.147995	0.0	0.0	-27.982965
Kndc1	-40.905533	0.0	0.0	-28.120804
Chn2	-44.955536	0.0	0.0	-28.28853
Nwd2	-46.023582	0.0	0.0	-28.33885
Col25a1	-43.372375	0.0	0.0	-28.385262
Kctd8	-45.28757	0.0	0.0	-28.4119
Sema6a	-47.271507	0.0	0.0	-28.438019
Rgs9	-44.850044	0.0	0.0	-28.561317
Sfxn5	-58.428066	0.0	0.0	-28.700607
Clmn	-46.731888	0.0	0.0	-28.705647
Il1rapl2	-40.340714	0.0	0.0	-28.807623
Nell1	-56.450413	0.0	0.0	-29.212374
Tmcc3	-57.231064	0.0	0.0	-29.334759
Luzp2	-56.113194	0.0	0.0	-29.596672
Pld5	-39.384724	3.08586028939417e-308	1.928662680871356e-306	-27.891054
Itpk1	-38.826073	2.2930482001594937e-300	1.3488518824467608e-298	-27.807297
Sytl2	-37.793873	5.087292295133271e-286	2.8262734972962616e-284	-27.707722
Cntn2	-36.16284	6.878406033420029e-264	3.6202137018000154e-262	-27.681755
RP23-231J2.1	-35.872257	5.118800508508921e-260	2.559400254254461e-258	-28.207603
Reln	-35.385334	1.4044451943674985e-253	6.687834258892849e-252	-27.793558
Alk	-35.1697	9.52347695410755e-251	4.3288531609579777e-249	-27.811554
Chrm2	-35.049854	3.524100855706182e-249	1.532217763350514e-247	-27.554697
Hepacam	-34.58694	3.7024134983767524e-243	1.5426722909903135e-241	-27.756672
Cdh19	-34.20189	3.412643862515606e-238	1.3650575450062422e-236	-27.987257
Cacng4	-34.158047	1.246940558963166e-237	4.795925226781408e-236	-27.340391
Skap2	-33.7161	5.4815593037045456e-232	2.030207149520202e-230	-27.510174
Ugt8a	-33.498528	3.1421065929196005e-229	1.1221809260427144e-227	-27.858313
Aspa	-33.154293	6.83118469550542e-225	2.3555809294846273e-223	-28.098677
Gfra1	-32.936737	3.618282558737549e-222	1.2060941862458496e-220	-27.46668
Megf11	-32.91806	6.191183806810769e-222	1.997156066713151e-220	-27.32741
Slc25a13	-32.754356	6.789747262378853e-220	2.1217960194933915e-218	-27.601227
Pstpip2	-32.729378	1.3882526786347677e-219	4.206826298893235e-218	-27.796936
Kcnk13	-32.47485	1.9840511095169377e-216	5.835444439755698e-215	-27.47338
Grik1	-32.37362	3.525752762681415e-215	1.00735793219469e-213	-27.487625
Plekhh1	-31.996058	1.5220193028970406e-210	4.227831396936224e-209	-27.736982
Nkain1	-30.579763	1.5844077095493262e-193	4.282182998781963e-192	-27.338951
Pnpla7	-30.458054	4.311059051464431e-192	1.1344892240695872e-190	-27.348883
Sec14l5	-29.728012	1.4019522634357253e-183	3.594749393424937e-182	-27.616299
RP23-44H21.1	-29.524687	3.0807760016846005e-181	7.701940004211501e-180	-27.677189
Elovl7	-29.409843	6.3952909990989415e-180	1.5598270729509613e-178	-27.192726
Megf10	-28.273064	4.205669907358332e-167	1.0013499779424598e-165	-27.138872
Adam12	-28.19331	3.220689509331913e-166	7.489975603097473e-165	-26.983027
Sox10	-28.040962	1.553092335155748e-164	3.529755307172155e-163	-27.265654
Adamts20	-27.276985	3.3179428385503395e-156	7.373206307889644e-155	-26.602032
D7Ertd443e	-27.094353	3.050578775642861e-154	6.631692990527958e-153	-27.104137
Itga6	-26.794956	4.785277457496548e-151	1.0181441398928826e-149	-26.946068
Syt9	-26.528635	3.147086689584281e-148	6.556430603300585e-147	-26.450079
Hapln2	-26.500574	6.2153230917732556e-148	1.2684332840353583e-146	-27.252285
Ndst4	-26.082891	1.453441809639979e-143	2.9068836192799578e-142	-27.001749
Irak2	-25.75302	3.7335784244437767e-140	7.320742008713288e-139	-26.78382
Kif6	-25.596516	1.5038218097974666e-138	2.8919650188412817e-137	-26.794706
Ermn	-25.149576	5.198056013361168e-134	9.80765285539843e-133	-26.915972
Il33	-25.110106	1.2984965358617072e-133	2.4046232145587172e-132	-27.08015
Ndrg1	-24.365007	3.3121965665827816e-126	6.022175575605057e-125	-26.702179
Rfx4	-23.911379	8.643898018188225e-122	1.5435532175336116e-120	-26.387983
Prkcq	-23.898092	1.1614552518517368e-121	2.037640792722345e-120	-26.703724
Dock2	-23.341753	2.4105988287243588e-116	4.156204877110963e-115	-26.852245
C1qb	-23.279728	9.295260916652806e-116	1.575467951975052e-114	-26.738092
Gja1	-23.171997	9.61870684313242e-115	1.6031178071887365e-113	-26.583393
Vcan	-22.9212	2.137898708076881e-112	3.5047519804539034e-111	-26.746338
Tnfaip6	-22.746958	8.861236167992282e-111	1.4292316399987552e-109	-26.612576
Entpd1	-22.739521	1.0382179189959626e-110	1.647964950787242e-109	-26.672993
Lhfpl2	-22.560762	4.614632605838379e-109	7.210363446622466e-108	-26.446415
Nwd1	-22.154755	2.316542681298916e-105	3.563911817382948e-104	-26.344244
Tnfrsf11a	-21.859304	1.049486028021531e-102	1.5901303454871683e-101	-26.155422
Ninj2	-21.673975	4.6900798693731445e-101	7.000119208019618e-100	-26.61994
Trim59	-21.638514	9.672401278550296e-101	1.4224119527279847e-99	-26.37586
Apbb1ip	-21.553797	5.428619615272978e-100	7.867564659815908e-99	-26.863739
Myrf	-21.513916	1.2202667338794135e-99	1.7432381912563047e-98	-26.330599
Prdm16	-21.456692	3.892456914711502e-99	5.4823336826922574e-98	-26.3646
Inpp5d	-21.416134	8.841843066719252e-99	1.2280337592665628e-97	-27.164629
Opalin	-21.34374	3.8113872226789994e-98	5.221078387231507e-97	-26.473335
Slc39a12	-21.151716	1.7990562676888857e-96	2.4311571184984942e-95	-26.36637
Igfbp5	-20.940695	1.2001531956227925e-94	1.60020426083039e-93	-26.155952
Folh1	-20.923874	1.6747112423566995e-94	2.203567424153552e-93	-26.310352
S1pr1	-20.689138	1.708748359476587e-92	2.2191537136059573e-91	-26.149527
Bcas1os2	-20.48778	8.705363195535094e-91	1.1160722045557813e-89	-26.244072
Olfml1	-20.469639	1.2383626838915549e-90	1.5675477011285505e-89	-26.256933
Blnk	-20.454664	1.6562010411033124e-90	2.0702513013791405e-89	-26.216614
Bmp6	-20.114689	1.1576219084903752e-87	1.4291628499881175e-86	-25.839312
Kcnh8	-19.899084	7.005080853173054e-86	8.542781528259822e-85	-26.010086
Shroom3	-19.802319	4.360652897924627e-85	5.253798672198345e-84	-26.04401
Acsbg1	-19.71756	2.1493825590187665e-84	2.5587887607366265e-83	-26.12659
Lair1	-19.629732	1.1151585713642284e-83	1.311951260428504e-82	-26.311838
Nkx2-2os	-19.5709	3.3473958423824646e-83	3.8923207469563545e-82	-26.118893
Clic6	-19.329409	2.9559835053937455e-81	3.3976821901077534e-80	-25.55663
Cfap44	-19.280941	7.22197310784367e-81	8.206787622549626e-80	-25.590876
Pla2g4a	-19.23348	1.728637238800698e-80	1.942289032360335e-79	-26.072691
Npl	-18.94164	3.547757259508135e-78	3.941952510564594e-77	-25.471607
Rhd	-18.8708	1.2776741800977083e-77	1.404037560546932e-76	-25.568985
Ly86	-18.605846	1.4823925608050102e-75	1.6112962617445764e-74	-26.624035
Fyb	-18.273773	5.262001862078352e-73	5.658066518363819e-72	-26.439266
Sema3d	-18.240435	9.437924340548336e-73	1.0040345043136528e-71	-25.931097
Slc7a11	-18.125214	7.055757300700814e-72	7.42711294810612e-71	-26.199728
Il6ra	-18.012394	5.0016755003640156e-71	5.210078646212516e-70	-25.838558
Ikzf1	-17.650602	2.4779038167832785e-68	2.554540017302349e-67	-26.268848
Ddc	-17.63612	3.169022043745643e-68	3.233695963005758e-67	-25.717804
Cyp2j12	-17.604698	5.400754968356647e-68	5.4553080488450974e-67	-25.862417
Lcp1	-17.505037	2.912794162020167e-67	2.912794162020167e-66	-25.769705
Ankub1	-17.409792	1.4460386382769556e-66	1.4317214240365897e-65	-25.761578
Tnni1	-17.26251	1.6959325801968247e-65	1.6626790001929656e-64	-25.825735
Erbb3	-17.194036	5.292526106833026e-65	5.1383748610029385e-64	-25.751364
Slc7a10	-17.152674	1.050436325185198e-64	1.0100349280626905e-63	-25.605696
Cldn14	-17.043537	6.363297723910571e-64	6.060283546581497e-63	-25.828142
Gpr34	-16.962711	2.3994959281250456e-63	2.2636754038915527e-62	-25.793016
Fcrls	-16.940218	3.468034673831075e-63	3.241153900776706e-62	-25.908525
Col9a3	-16.801876	3.3086867217565287e-62	3.06359881644123e-61	-25.387127
Ctsh	-16.762	6.319034127280125e-62	5.7972790158533255e-61	-25.729408
Pde11a	-16.751394	7.503607954186478e-62	6.821461776533161e-61	-25.479372
Myo1f	-16.63532	4.888779037384819e-61	4.404305439085423e-60	-26.014204
Igf1	-16.518639	3.1779576543992724e-60	2.8374621914279218e-59	-25.397121
Cyth4	-16.441307	1.0915076010445273e-59	9.659359301279002e-59	-25.843029
Fabp7	-16.42722	1.365832605482257e-59	1.198098776738822e-58	-25.437502
Eci1	-16.354498	4.333164279698576e-59	3.7679689388683266e-58	-25.213339
Nos1	-16.301186	1.0071459668217131e-58	8.682292817428561e-58	-25.174593
Plin4	-16.285507	1.2900419135760418e-58	1.102599926133369e-57	-25.481941
Shc4	-16.188513	5.937162082060015e-58	5.031493289881369e-57	-25.381912
Selplg	-16.105864	2.165774290776463e-57	1.8199783956104731e-56	-25.880005
Pdgfra	-16.07901	3.293456844195394e-57	2.744547370162829e-56	-25.943964
Sall1	-15.994595	1.2248166272284909e-56	1.0122451464698272e-55	-25.53435
Galnt5	-15.925571	3.5679200626559106e-56	2.9245246415212384e-55	-25.52858
Spef2	-15.898763	5.398392195196802e-56	4.3889367440624404e-55	-25.466373
Plcg2	-15.887242	6.448597108372699e-56	5.200481539010241e-55	-25.669239
Csf3r	-15.871764	8.186605907803416e-56	6.549284726242733e-55	-25.87457
Dcdc5	-15.825377	1.671643763568646e-55	1.3267013996576556e-54	-25.359741
Fbxw15	-15.773578	3.7014193094130385e-55	2.914503393238613e-54	-25.704927
Atp13a4	-15.724763	7.811513855233894e-55	6.102745199401479e-54	-25.444122
Hk2	-15.579919	7.074888892840996e-54	5.484409994450384e-53	-25.729153
Frrs1	-15.487261	2.86813715593676e-53	2.2062593507205843e-52	-25.394249
Tyrobp	-15.438645	5.959260498252958e-53	4.5490538154602734e-52	-25.301037
Mafb	-15.435826	6.216913486500864e-53	4.709782944318836e-52	-25.351477
Siglech	-15.428642	6.925060444923297e-53	5.2068123646039825e-52	-25.895365
Fgd2	-15.357138	2.021047499656935e-52	1.5082444027290558e-51	-25.784258
Scd3	-15.158495	3.865728630861803e-51	2.8635026895272613e-50	-25.339567
Itm2a	-14.933792	1.0430098350766782e-49	7.669189963799104e-49	-25.708706
Cdh23	-14.762676	1.2436458871987902e-48	9.077707205830584e-48	-25.453634
Ramp2	-14.731787	1.9398594070616183e-48	1.4056952225084189e-47	-25.654638
Apobec3	-14.723618	2.1815759949936654e-48	1.5694791330889677e-47	-25.305956
Fcer1g	-14.565318	2.0978855827427828e-47	1.4984897019591304e-46	-25.189535
Sh3bp2	-14.530397	3.445852321553508e-47	2.4438668947188003e-46	-25.180847
Ptgs1	-14.414927	1.7639318652164916e-46	1.2422055388848533e-45	-25.111958
Stab1	-14.365312	3.544616707941418e-46	2.4787529426163764e-45	-25.478382
Itgad	-14.268899	1.3669323454067515e-45	9.49258573199133e-45	-25.254414
Gabrr2	-14.23345	2.2404873473897927e-45	1.5451636878550295e-44	-25.225044
Cd84	-14.188252	4.199725449919139e-45	2.8765242807665335e-44	-25.46639
Etnppl	-14.071172	2.1199145006567486e-44	1.4421187079297611e-43	-25.207016
Tg	-14.025872	3.9526331379619094e-44	2.6706980661904793e-43	-25.10196
Hpgd	-13.978712	7.545692158836071e-44	5.064222925393336e-43	-25.186798
Ucp2	-13.978009	7.61868159606918e-44	5.07912106404612e-43	-25.168776
Fermt3	-13.967091	8.846302897574623e-44	5.858478740115644e-43	-25.251726
AU020206	-13.830914	5.649325770758887e-43	3.716661691288741e-42	-25.293137
Ncf1	-13.559273	2.1681944982528868e-41	1.4171205870933902e-40	-25.198545
Ccr5	-13.4433	1.0078474377547435e-40	6.544463881524309e-40	-25.244776
Laptm5	-13.380893	2.2922109105508e-40	1.4788457487424518e-39	-25.039469
P2ry6	-13.322098	4.9547234125614e-40	3.176104751641923e-39	-25.116837
Slc7a7	-13.283549	8.198790393110737e-40	5.2221594860577945e-39	-25.083889
Btk	-13.220715	1.8578553214173072e-39	1.1758577983653842e-38	-24.957243
Acer2	-13.049234	1.6999982868256496e-38	1.069181312468962e-37	-24.781929
Cmtm7	-13.031723	2.1279648952202435e-38	1.3299780595126523e-37	-24.857136
Wdfy4	-12.896781	1.1892142677003249e-37	7.386424022983384e-37	-24.984528
Ndnf	-12.844238	2.313415153887779e-37	1.42803404560974e-36	-24.745129
Cd86	-12.794788	4.317315612309348e-37	2.648659884852361e-36	-25.10295
Bank1	-12.758157	6.843777008312677e-37	4.173034761166266e-36	-24.885042
Ttll8	-12.750071	7.575219950066544e-37	4.5910423939797235e-36	-24.78346
Bin2	-12.71074	1.2401873584388284e-36	7.471008183366436e-36	-25.120495
Syk	-12.653215	2.5438950583260475e-36	1.5232904540874536e-35	-24.928461
Prom1	-12.60845	4.439903708820316e-36	2.6427998266787596e-35	-24.833767
Adamtsl3	-12.466767	2.556084212545629e-35	1.5124758654116148e-34	-24.596928
Cd37	-12.403962	5.520196881287637e-35	3.2471746360515506e-34	-24.967184
Epsti1	-12.28605	2.3195719273881234e-34	1.3564748113380837e-33	-24.932875
Nfatc1	-12.281173	2.4607986388445238e-34	1.430696883049142e-33	-24.700212
Abi3	-12.263188	3.05940594489869e-34	1.768442742716006e-33	-24.925606
Vit	-12.262589	3.0816536704178884e-34	1.7710653278263727e-33	-24.467596
Adam2	-12.260858	3.1468715022738282e-34	1.798212287013616e-33	-24.411024
Dnah3	-12.167978	9.639462018926982e-34	5.476967056208513e-33	-24.442516
Spi1	-12.109492	1.9426603382873478e-33	1.0975482137216654e-32	-24.820513
Lpxn	-12.050681	3.917674638460726e-33	2.2009408081240034e-32	-24.676077
Depdc7	-12.015826	5.928030228499026e-33	3.3117487310050425e-32	-24.540634
Slc7a15	-11.96285	1.110116895862195e-32	6.167316088123306e-32	-24.634819
Vav1	-11.900413	2.3174463998558564e-32	1.280357126992186e-31	-24.775055
Havcr2	-11.895495	2.4553774831547734e-32	1.3491085072278975e-31	-24.761415
Mecom	-11.784315	9.018792614134642e-32	4.928301974936963e-31	-25.319525
Il10ra	-11.762926	1.156831474097103e-31	6.2871275766146905e-31	-24.843061
Enpp1	-11.736606	1.5706118429188745e-31	8.48979374550743e-31	-24.398596
Adgre1	-11.632345	5.2399679279874895e-31	2.81718705805779e-30	-24.797026
Samsn1	-11.486799	2.7692711120686088e-30	1.4808936428174378e-29	-24.651878
Clic5	-11.480186	2.9854465437129283e-30	1.5880034806983662e-29	-24.45138
Sp100	-11.36489	1.0998192023328293e-29	5.819149218692219e-29	-24.543001
Syne3	-11.363412	1.1182759112135991e-29	5.88566269059789e-29	-24.25038
Lmntd1	-11.342026	1.4222643345020713e-29	7.446410128283096e-29	-24.225006
Cd33	-11.319197	1.8376128611194628e-29	9.570900318330535e-29	-24.675982
Arhgap30	-11.287433	2.622553215501864e-29	1.3588358629543336e-28	-24.538301
Rab3il1	-11.248003	4.072835476528217e-29	2.0993997301691837e-28	-24.380709
Rhoh	-11.242016	4.353837888567973e-29	2.2327373787528065e-28	-24.694277
Armc4	-11.221923	5.444959488514858e-29	2.7780405553647234e-28	-24.161537
Olfml3	-11.080818	2.59068841868591e-28	1.3150702632923401e-27	-24.369009
Elf4	-11.047836	3.7203003523373337e-28	1.878939571887542e-27	-24.507488
Cd38	-11.008116	5.744609884425353e-28	2.8867386353896243e-27	-24.282114
Neu4	-10.971066	8.60339860491117e-28	4.301699302455585e-27	-24.413183
Nlrp1b	-10.900406	1.8520561227374386e-27	9.214209565857903e-27	-24.46087
Ebf1	28.390232	2.7201103744247608e-27	1.3465892942696834e-26	6.9201317
Fcgr3	-10.800863	5.410777198124734e-27	2.6654074867609524e-26	-24.40298
Trp53cor1	-10.618317	3.771740399192716e-26	1.848892352545449e-25	-24.326683
Dnah6	-10.553034	7.495355546373054e-26	3.6562709982307583e-25	-24.355787
Ptpn18	-10.549901	7.745711805906416e-26	3.7600542747118524e-25	-24.190748
Dlc1	25.723497	8.299225946560092e-26	4.0092878968889336e-25	5.3117175
Ccdc146	-10.4966345	1.3522143809402588e-25	6.501030677597399e-25	-24.324507
Hydin	-10.486991	1.495309600008894e-25	7.154591387602364e-25	-24.241577
Gna15	-10.484853	1.5290107150752521e-25	7.281003405120248e-25	-24.374495
Eya2	-10.462414	1.931496932185804e-25	9.154013896615185e-25	-24.456251
Igfbpl1	-10.364045	5.349544886720455e-25	2.5233702295851203e-24	-24.020744
Kl	-10.340247	6.835223448193564e-25	3.209025093048622e-24	-24.12707
Klhl6	-10.316463	8.727462981799051e-25	4.078253729812641e-24	-24.339453
Abcc3	-10.287899	1.1696431207686008e-24	5.440200561714423e-24	-24.233887
Cdh5	-10.232787	2.053303076174001e-24	9.50603276006482e-24	-24.248697
Pld4	-10.224548	2.2329703397311414e-24	1.0290185897378532e-23	-24.256676
Xdh	-10.159642	4.3141141400386e-24	1.978951440384679e-23	-24.217611
Vwf	-10.118883	6.510383723002226e-24	2.972777955708779e-23	-24.444036
Sox2ot	-19.180874	7.656752035147697e-24	3.4803418341580443e-23	-4.9867015
St6galnac3	-18.963326	4.6637703814406453e-23	2.1103033400183914e-22	-4.970415
Dnah12	-9.741965	2.714959503889623e-22	1.2229547314818122e-21	-24.385399
Kif26a	-9.740938	2.742212131268051e-22	1.2296915386852248e-21	-23.73204
Lama1	-9.698104	4.154179181201196e-22	1.8545442773219626e-21	-23.816362
Cd93	-9.587929	1.1994299950414683e-21	5.330799977962081e-21	-23.972075
Susd3	-9.570312	1.419521590861828e-21	6.281068986114283e-21	-24.091002
Gpnmb	-9.527693	2.1311582874350344e-21	9.388362499713808e-21	-24.24172
Dnah11	-9.502513	2.707213826685361e-21	1.1873744853883162e-20	-24.069395
Cmklr1	-9.48722	3.1297119113090267e-21	1.3666864241524135e-20	-24.018936
A2m	-9.479618	3.3633586005551098e-21	1.4623298263283085e-20	-23.86949
Bnc2	-9.461383	3.996563823542073e-21	1.7301142093255725e-20	-24.802193
Ms4a6d	-9.39664	7.354452393592693e-21	3.1700225834451256e-20	-24.085135
Naip2	-9.393043	7.607030956876624e-21	3.264820153165933e-20	-24.050627
Slc5a11	-9.381415	8.483637523771848e-21	3.6254861212700203e-20	-23.956139
Erbb4	-16.801765	1.0407760491955312e-20	4.428834251895878e-20	-4.215839
Plcl1	18.117798	1.1019818807556757e-20	4.669414748964728e-20	3.3332367
Traf3ip3	-9.346474	1.1764812420484745e-20	4.9640558736222556e-20	-23.832958
Pak1	-16.564041	1.6664590574025894e-20	7.001928812615922e-20	-4.57107
Snx20	-9.29954	1.8219210194278697e-20	7.6231004996982e-20	-23.876059
Kcna1	-16.047234	1.8761505261774912e-20	7.817293859072881e-20	-4.436916
Gpr160	-9.268841	2.4225649138777153e-20	1.0052136572106702e-19	-23.962387
Gcnt1	-9.258602	2.663548092815871e-20	1.1006397077751532e-19	-23.888802
F13a1	-9.242706	3.0854389382421044e-20	1.2697279581243228e-19	-24.09202
Fes	-9.196024	4.7450100677231444e-20	1.9446762572635838e-19	-23.866161
Sox18	-9.132415	8.501154075147808e-20	3.469858806182779e-19	-23.809158
Lrrc36	-9.099966	1.1429172174352606e-19	4.646004948923823e-19	-23.796024
Ak9	-8.985321	3.2259239986253376e-19	1.3060421047066143e-18	-23.738523
Ms4a6c	-8.959775	4.058131837152058e-19	1.636343482722604e-18	-23.948717
Ms4a6b	-8.932125	5.198787508403867e-19	2.0878664692385008e-18	-23.911983
Rassf9	-8.92674	5.455281223576371e-19	2.1821124894305483e-18	-23.798227
Tnr	-15.648925	6.929507708924072e-19	2.7607600433960445e-18	-4.2173915
Lilrb4a	-8.807904	1.567734557300401e-18	6.2211688781761944e-18	-24.076765
RP23-446E21.5	-8.792038	1.80318808807556e-18	7.12722564456743e-18	-23.637491
Fcgr2b	-8.790013	1.835633429801073e-18	7.226903266933358e-18	-23.85894
Klf4	-8.789481	1.844267130267934e-18	7.23242011869778e-18	-23.628613
Sox17	-8.765349	2.280443135301407e-18	8.907980997271121e-18	-23.840347
Tmem119	-8.726284	3.211859016418013e-18	1.2497505900459194e-17	-23.761106
Cald1	15.676303	3.3681691755665997e-18	1.305491928514186e-17	5.9438868
Slc15a3	-8.710163	3.697867802775842e-18	1.427748186399939e-17	-23.52124
Pde4b	-14.893393	7.536045819881631e-18	2.8984791614929346e-17	-3.9684134
Atp13a5	15.282618	8.090088331621848e-18	3.099650701770823e-17	8.30741
Rasal3	-8.535294	1.6780417318833182e-17	6.404739434669153e-17	-23.7999
Cd300lf	-8.52895	1.7717131230897326e-17	6.736551798820276e-17	-23.639591
Plxdc2	14.530097	3.2465162059193046e-17	1.2297409870906456e-16	3.5273554
Pik3cg	-8.454365	3.345676359872414e-17	1.2622443115568914e-16	-23.773893
Pacrg	-13.648873	3.357569868741331e-17	1.2622443115568914e-16	-4.3090353
Pdgfrb	14.617018	3.4542518160549856e-17	1.293727271930706e-16	7.746777
Spag17	-8.42634	4.2425056476261235e-17	1.5830244953828817e-16	-23.726313
Wfdc1	-8.414444	4.6914382146091644e-17	1.7440290760628863e-16	-23.656317
Vtn	14.417848	5.351548760138961e-17	1.9820550963477632e-16	7.470826
Tal1	-8.3916445	5.686705885738066e-17	2.098415455991906e-16	-23.557863
Sgcd	-13.636791	7.169941295824351e-17	2.636007829347188e-16	-4.0043626
H2-K2	-8.304167	1.184249885644883e-16	4.3379116690288745e-16	-23.477974
Rn7sk	-8.296862	1.2586388748843072e-16	4.593572536074114e-16	-23.847418
Otx2os1	-8.198728	2.8392279909650738e-16	1.0324465421691177e-15	-23.862406
Pdzrn4	-12.923337	3.2401431606264753e-16	1.173964913270462e-15	-4.232735
Cd48	-8.098113	6.475313155405557e-16	2.3376581788467715e-15	-23.598883
Atp1a2	13.301097	6.584332459557398e-16	2.3684649135098553e-15	5.059082
Abhd12b	-8.095562	6.611240795376409e-16	2.3696203567657377e-15	-23.566755
Liph	-8.087449	7.062561072224549e-16	2.522343240080196e-15	-23.512459
Wdr49	-8.081477	7.414060414691447e-16	2.6384556635912623e-15	-23.73881
Dennd2c	-8.045008	9.966640797488698e-16	3.5342697863435104e-15	-23.49238
Hmgcs2	-8.021749	1.2028395705687945e-15	4.244126033254032e-15	-23.330997
Tshr	-8.021492	1.205331793444145e-15	4.244126033254032e-15	-23.359425
Zic3	-8.00908	1.3322595477851744e-15	4.674594904509384e-15	-23.24664
Slc11a1	-8.007944	1.3445139211259943e-15	4.701097626314666e-15	-23.57182
Cyp3a13	-7.980987	1.6701947652086525e-15	5.819493955430845e-15	-23.500593
Zfp536	-11.854025	3.4660578208686977e-15	1.2034922989127424e-14	-4.102574
Mlph	-7.8875165	3.524189897332776e-15	1.2194428710494036e-14	-23.55831
Thbs4	-7.8852463	3.588314625263048e-15	1.2373498707803615e-14	-23.57091
Gngt2	-7.814053	6.3005771389853096e-15	2.165146783156464e-14	-23.432816
Raet1e	-7.7831264	8.033976891239544e-15	2.7513619490546385e-14	-23.29939
Galntl6	-11.804129	1.0626641925945564e-14	3.626840247762991e-14	-3.6927426
Tmem72	-7.710323	1.418484892193276e-14	4.824778544875089e-14	-23.324701
St18	-11.005224	1.7977106152644453e-14	6.093934289032018e-14	-3.9867573
Csf2rb	-7.6767893	1.8399248602572168e-14	6.215962365733841e-14	-23.43922
Crybb1	-7.671302	1.9197467411784144e-14	6.463793741341463e-14	-23.573801
Nkain3	-11.292673	2.4106298366674128e-14	8.089361868011453e-14	-3.959535
Ccdc170	-7.6091595	3.098997884708046e-14	1.0364541420428248e-13	-23.508139
Pitpnc1	11.561064	4.723846499363703e-14	1.574615499787901e-13	3.5868292
Il21r	-7.535717	5.4317571064531426e-14	1.8045704672601803e-13	-23.444414
Glrp1	-7.526939	5.80658367249238e-14	1.9227098253286025e-13	-23.406298
Ppp1r16b	-11.024497	6.916713236601016e-14	2.28274364244258e-13	-3.9724956
Naip5	-7.498646	7.196247461674352e-14	2.367186665024458e-13	-23.354029
Edn1	-7.4731727	8.724081161054169e-14	2.860354479034154e-13	-23.24641
Folr1	-7.466008	9.208448314698766e-14	3.009296834868878e-13	-23.074812
Icam1	-7.370996	1.876633078882996e-13	6.112811331866437e-13	-23.27107
Mybpc1	-7.3010955	3.150984817271116e-13	1.0230470185945182e-12	-22.698713
AI607873	-7.273043	3.8743213636528775e-13	1.2538256840300574e-12	-23.415525
Usp54	-10.169424	5.032234197915719e-13	1.6233013541663609e-12	-3.726888
Serpinb9	-7.22872	5.362041591794044e-13	1.7241291291942263e-12	-23.030235
Plce1	10.655827	5.535878408410886e-13	1.774320002695797e-12	5.0545197
Cysltr1	-7.1615744	8.741283559026822e-13	2.79274235112678e-12	-23.25406
Dcxr	-7.14852	9.607744823919755e-13	3.0597913451973742e-12	-22.837658
Npas3	-10.056426	1.355497351461723e-12	4.3031661951165805e-12	-3.591363
Notch3	10.254586	1.6809994451524521e-12	5.3196184973178865e-12	6.2896767
Gata2	-7.054136	1.8935051460442726e-12	5.973202353451964e-12	-23.101028
Hvcn1	-7.0150976	2.500611405588221e-12	7.863557879208243e-12	-23.125885
Rmst	-9.441243	3.718839458491485e-12	1.1657803945114373e-11	-3.6231682
Slc24a2	-9.862923	3.822517212877361e-12	1.1945366290241754e-11	-2.9266884
Colec12	9.92634	4.166884992842076e-12	1.298095013346441e-11	6.708653
Ifi204	-6.9076858	5.3343627971117574e-12	1.6566344090409184e-11	-23.196222
Fgf13	-9.546651	5.5723248660038836e-12	1.7251779770909856e-11	-3.7274313
Ebf2	-6.8763337	6.6407175273102466e-12	2.049604175095755e-11	-23.364439
Hpse2	-6.857461	7.573256873197554e-12	2.3302328840607857e-11	-22.739521
Plaur	-6.84152	8.459983366784709e-12	2.5950869223265976e-11	-22.988115
Pde3b	-9.259083	9.744238207410765e-12	2.979889360064454e-11	-3.5787845
Slc38a11	9.582285	1.1015145188176287e-11	3.358275972004965e-11	8.931004
Lhfpl3	-9.232312	1.83034421314152e-11	5.563356270946869e-11	-3.1474357
Tbx3os1	9.381453	1.9511900359183542e-11	5.912697078540467e-11	9.168049
Lyl1	-6.71764	1.9835404883859977e-11	5.992569451317214e-11	-23.03992
Dock6	9.35625	2.0885214749389337e-11	6.290727334153414e-11	6.286577
Clec4a3	-6.684804	2.48003320110431e-11	7.447547150463393e-11	-23.037628
Fmo2	-6.642653	3.298653334035961e-11	9.876207586934014e-11	-23.037603
Sp140	-6.572053	5.298611742254184e-11	1.5816751469415473e-10	-22.938828
Rbpms	8.990381	6.0023356315131e-11	1.7864094141408034e-10	6.522637
Unc5cl	-6.5284214	7.084732316525615e-11	2.1022944559423189e-10	-23.011864
Trh	-6.4928856	8.963720085664432e-11	2.6519881910249796e-10	-22.675236
Pirb	-6.475818	1.003158214553538e-10	2.959168774494212e-10	-22.833668
Fam19a1	-8.593537	1.0588750050523297e-10	3.114338250153911e-10	-2.9834604
Mrc1	-6.4057817	1.5873671744837105e-10	4.655035702298271e-10	-23.167723
Phldb2	8.632722	1.7099253039216152e-10	4.999781590414079e-10	5.931879
Htr2c	-8.372568	1.9704997088873032e-10	5.74489711045861e-10	-3.4987292
Cped1	8.5422325	2.23313451674609e-10	6.491670106820029e-10	5.9752316
Prdm6	-6.3426695	2.390705088672842e-10	6.929579967167658e-10	-23.095606
Msr1	-6.3145776	2.865188400778264e-10	8.280891331729087e-10	-23.127798
Palm2	-8.30152	3.0114301494188627e-10	8.678473053080297e-10	-3.5393612
Igfbp7	8.432237	3.082823539729677e-10	8.858688332556543e-10	5.292103
Ptprz1	-8.180605	3.838698800078327e-10	1.0999136962975149e-09	-3.516884
Slc26a7	-6.263011	3.9868047294043635e-10	1.139087065544104e-09	-22.83728
Wdr17	-8.244227	4.1283781211828367e-10	1.1761761029010932e-09	-3.2151856
Lama2	8.233832	5.491674948975367e-10	1.560134928686184e-09	3.8757436
Iigp1	-6.200582	5.926981985191309e-10	1.6790317238502292e-09	-22.783453
Slc6a20a	8.07824	8.964971161033038e-10	2.532477729105378e-09	6.775006
Casp4	-6.1027026	1.0953511596088862e-09	3.07718911107994e-09	-22.794163
Hhex	-6.102684	1.0954793235444585e-09	3.07718911107994e-09	-22.668743
Trpm3	-7.898075	1.1266343395808605e-09	3.155838486220898e-09	-2.8171644
Usp9y	-6.0831566	1.236906512192755e-09	3.45504612344345e-09	-22.299524
Aatk	-7.7688794	1.599200506643105e-09	4.454597511540682e-09	-3.0593529
Nlrp3	-6.040969	1.6059061447857004e-09	4.460850402182502e-09	-22.8901
Phactr1	-7.7664886	2.0802186968765404e-09	5.7623786617078686e-09	-2.3136275
Fgr	-5.992998	2.1564610385688848e-09	5.9570746921792396e-09	-23.00002
Bcas1	-7.531017	2.2082448554212794e-09	6.083319160940164e-09	-3.3034458
Slc1a3	-7.5047207	2.5875537026135757e-09	7.108664018169164e-09	-3.3225622
Abcc9	7.724054	2.6324089218429156e-09	7.212079237925796e-09	8.130645
Myoc	-5.952237	2.765464958676755e-09	7.555915187641407e-09	-22.918253
Slc4a5	-5.923776	3.2868859714566692e-09	8.956092565277028e-09	-22.53859
Slain1	-7.503219	3.393428866400082e-09	9.221274093478483e-09	-2.8581204
Pld1	7.6053233	3.748398627151665e-09	1.0158261862199634e-08	4.4343557
Adap2os	7.521065	4.8734876228668e-09	1.3171588169910271e-08	5.4216766
Cd244	-5.8524437	5.050277085983103e-09	1.3612606700763082e-08	-22.669636
Tmigd3	-5.826456	5.898531036439389e-09	1.5856266226987603e-08	-22.56592
Ubash3b	-7.283639	7.050994948830144e-09	1.890347171268135e-08	-3.2932098
Cntnap4	-7.197494	8.508909969300842e-09	2.2751096174601182e-08	-3.2221668
Arhgap6	7.3075557	9.354155523161437e-09	2.49444147284305e-08	3.71728
Kcnc2	-7.201037	1.0174096054671396e-08	2.7058766102849456e-08	-2.7166727
Fign	-7.098321	1.0517988739851017e-08	2.7899174376262646e-08	-3.1897378
Adap2	7.1674075	1.4520698853491886e-08	3.841454723146001e-08	5.196362
Cxcl16	-5.6646247	1.528606280680234e-08	4.0332619543014084e-08	-22.36752
Slc16a12	7.1464257	1.5579803048764952e-08	4.099948170727619e-08	6.823438
Il34	7.140347	1.583736019234713e-08	4.156787452059614e-08	4.7029624
F5	-5.653835	1.6273455365135746e-08	4.2600668495119754e-08	-22.348
Tmeff2	-7.0380764	1.945831079401286e-08	5.080498901831034e-08	-2.1514482
Ccl12	-5.6028686	2.1838853089426153e-08	5.687201325371394e-08	-22.431423
Rpph1	-5.5838385	2.435854124038413e-08	6.326893828671203e-08	-22.606932
Ido1	-5.5093694	3.7219797545522394e-08	9.642434597285594e-08	-22.360573
Tns1	6.771058	5.004773589473508e-08	1.2932231497347567e-07	4.918906
Cntnap5c	-6.6419654	5.8417860672726645e-08	1.505614965791924e-07	-3.1503675
Il7r	-5.4268503	5.916981796230182e-08	1.5210750118843655e-07	-22.558613
Dthd1	-5.421937	6.08131792388203e-08	1.5593122881748794e-07	-22.553576
Pdzd2	6.688286	6.383414311622456e-08	1.6325867804661012e-07	2.7029946
Fbxw23	-5.408709	6.546056292836253e-08	1.669912319601085e-07	-22.483694
Grb14	-6.5975003	6.845050116368683e-08	1.741743032154881e-07	-3.1344836
Adipor2	-6.5483294	7.681661244437463e-08	1.9496602143242292e-07	-2.7738006
Cobll1	6.625359	7.842950664231354e-08	1.9855571301851528e-07	3.6437175
Itga1	6.563896	9.606619122089449e-08	2.420204919578143e-07	5.879134
Dock5	-6.3483253	9.608213530725228e-08	2.420204919578143e-07	-3.0080042
Tlr1	-5.30883	1.1352966416231656e-07	2.8525041246813203e-07	-22.347107
Thsd7b	-6.4325314	1.1573914735227005e-07	2.900730510081956e-07	-3.1370075
Prex2	6.445953	1.3705057207143715e-07	3.426264301785929e-07	3.1788282
Clec4a2	-5.263246	1.4550028417079689e-07	3.628436014234336e-07	-22.289398
AY512915	-5.2325845	1.717348368535854e-07	4.2720108670046113e-07	-22.283234
Cd36	-5.229363	1.747430458361658e-07	4.3360557279445603e-07	-22.391138
Mag	-6.247934	1.905735786020586e-07	4.7171677871796683e-07	-3.0802853
Ano1	6.330493	2.003179978792982e-07	4.946123404427116e-07	6.0406938
Fcrl1	-5.18642	2.2004696640327283e-07	5.419876019785045e-07	-22.296976
Ccl4	-5.180816	2.2673721269762587e-07	5.570938886919555e-07	-22.347605
Egflam	6.2836385	2.3237027864374158e-07	5.695349966758372e-07	6.67357
Synpr	-6.2042356	2.3738171968135546e-07	5.803954026439009e-07	-3.0549917
Slc47a1	-5.14239	2.7820731783058887e-07	6.785544337331436e-07	-23.001863
Ednra	6.1156044	3.949831048034965e-07	9.61029452076634e-07	7.267618
Xylt1	-6.07239	4.0424562612626836e-07	9.811787041899718e-07	-2.44592
Aldh1a2	-5.051595	4.4859428381365884e-07	1.0861847065706026e-06	-22.176317
H2-DMb1	-5.045493	4.631010742867884e-07	1.1186016287120493e-06	-22.158894
Nxph1	-5.98314	4.745145673227075e-07	1.1434085959583315e-06	-2.685486
Ccdc141	5.9892244	5.858469809579528e-07	1.4082860119181559e-06	4.1593456
Nid1	5.9740367	6.173274321424784e-07	1.480401515929205e-06	6.353518
Cpne4	-5.906574	6.401021805092841e-07	1.5313449294480481e-06	-3.0082977
Paqr8	-5.846691	7.08451083661898e-07	1.6908140421525012e-06	-2.9143844
Myo1g	-4.955358	7.379627531582544e-07	1.75705417418632e-06	-22.1746
Cp	5.8488345	9.154742635007303e-07	2.174523191213136e-06	4.6901755
Foxp2	-5.7812667	9.766022507346181e-07	2.3142233429730287e-06	-2.3798923
Ror1	5.7610564	1.205709674512803e-06	2.8503774811177374e-06	3.8519871
Nr2f2	5.755869	1.2281198225198176e-06	2.8965090153769283e-06	4.582596
Mog	-5.655844	1.3554034674425825e-06	3.1891846292766646e-06	-2.9479394
Traf1	-4.8162904	1.4915184928557133e-06	3.501217119379609e-06	-21.82334
Pid1	5.668722	1.602463541625072e-06	3.752842017857312e-06	2.4448826
Rgs5	5.6551666	1.6858418901408393e-06	3.938882920889812e-06	5.043255
Flt1	5.6398087	1.7642649652479059e-06	4.112505746498615e-06	4.4608502
Tbx2	5.6405797	1.7713618602642887e-06	4.119446186661137e-06	7.653544
Lctl	-4.761444	1.958584872900621e-06	4.544280447565246e-06	-21.90372
Arhgap29	5.605008	1.976232821024731e-06	4.574613011631322e-06	4.241959
Trpc3	5.593065	2.054104945850333e-06	4.74389132990839e-06	4.2521715
Krt18	-4.746314	2.110380516488583e-06	4.862627918176459e-06	-21.810215
Cdh1	-4.7144012	2.4684731608648594e-06	5.674650944516918e-06	-22.23308
Sntb1	5.4961896	2.7915966251817284e-06	6.4027445531691015e-06	5.6002326
Gpr84	-4.6752253	2.988202598242231e-06	6.83799221565728e-06	-22.045347
RP23-81F19.1	-4.657354	3.2587687236063487e-06	7.440111241110385e-06	-21.984186
Hmga2	-4.65446	3.3047416635302442e-06	7.527885338337686e-06	-21.83223
Atf3	-4.643395	3.4862983340901074e-06	7.923405304750243e-06	-22.201256
Lhfp	5.376336	4.052236379418279e-06	9.188744624531245e-06	2.9640956
Pde1c	-5.308764	4.508280963865204e-06	1.0199730687477836e-05	-2.8514423
Arhgap23	-5.251674	5.516944101033399e-06	1.2453598422197288e-05	-2.1552947
Ggt5	5.2040453	7.003612564542135e-06	1.5773902172392198e-05	6.499069
Cdh20	-5.168056	7.148125415311851e-06	1.606320318047607e-05	-2.2266827
Fstl5	-5.167588	7.187968265128301e-06	1.611652077383027e-05	-2.813634
Gab1	5.1807218	7.466283621115094e-06	1.670309534925077e-05	2.7009737
Ust	-5.066046	9.907010875637476e-06	2.2113863561690794e-05	-2.7756453
Cspg4	5.058377	1.104780350913051e-05	2.4605353027016724e-05	5.0225797
Creb5	-5.001202	1.130510103574301e-05	2.512244674609558e-05	-2.731316
Rcsd1	4.97431	1.4364604370436902e-05	3.185056401427251e-05	4.8769164
Otc	-4.3369207	1.4640496890898567e-05	3.2390479847120724e-05	-21.900076
Zic4	4.936978	1.6147167890952093e-05	3.5644962231682327e-05	5.113805
Sept4	4.916502	1.7110907287621552e-05	3.7689223100488e-05	2.6147723
H2-Q7	-4.2766447	1.921111722712326e-05	4.2222235664007165e-05	-21.506832
Fam19a2	-4.8606496	1.9543879861726828e-05	4.285938566168164e-05	-2.0643644
Zfp804a	-4.848713	2.031385941701449e-05	4.445045824292011e-05	-2.0608592
Tspan8	-4.230818	2.3564568185064082e-05	5.145102223813118e-05	-21.520447
Rcbtb1	-4.7642174	2.5794743184552907e-05	5.619769756983204e-05	-2.6971307
Clca4a	-4.2013435	2.68444790850481e-05	5.835756322836543e-05	-21.81933
Rnf220	-4.721727	2.9288061057089548e-05	6.353158580713568e-05	-2.002091
Fzd6	4.710565	3.2626475971511976e-05	7.062007786041553e-05	5.244331
C5ar2	-4.142831	3.4685571264944404e-05	7.491484074502031e-05	-21.647749
Cgnl1	4.666072	3.741867738978286e-05	8.064370127108376e-05	4.7729454
Kcnip1	-4.6376486	3.783544936793478e-05	8.136655778050491e-05	-2.6673715
Ndufa4l2	4.657527	3.845212703943781e-05	8.25152940760468e-05	6.6523967
Lamc3	4.59973	4.595464204518808e-05	9.840394442224428e-05	7.142007
Inpp4b	4.5685873	5.002271920743486e-05	0.00010688615215263858	1.9141235
Wfdc17	-4.044032	5.307208490329419e-05	0.00011316009574263154	-21.637495
Pde3a	4.551256	5.327773212688625e-05	0.00011335687686571543	4.244425
Gpc5	-4.5176787	5.392899333349474e-05	0.00011449892427493576	-1.9514983
Itga4	4.532949	5.639797522553841e-05	0.00011948723564732715	4.8550124
Gjc3	-4.4906077	5.872174586954567e-05	0.0001241474542696526	-2.61406
H2-Eb1	-4.008418	6.172568495072486e-05	0.00013022296403106511	-22.022505
Ms4a4a	-3.9966955	6.485515669572309e-05	0.000136537171990996	-21.774977
Uaca	4.4628663	6.989167407525365e-05	0.00014683124805725558	5.0086923
Anln	-4.381055	7.811268384827411e-05	0.0001637582470613713	-2.149202
Eps8	4.4125147	8.13623476130643e-05	0.0001702141163453228	3.1875587
Ccl6	-3.9360714	8.358353744929549e-05	0.00017449590281690082	-21.436157
Pald1	4.400797	8.446019465262949e-05	0.00017595873885964478	4.6462884
Hs3st4	-4.372791	8.849601370107473e-05	0.00018398339646793084	-1.7597654
Cdk19	-4.361616	9.217636384880407e-05	0.00019123726939585905	-2.0849588
Kcnj8	4.356639	9.667681521490484e-05	0.00020015903771201831	6.8938327
H2-Ab1	-3.8784025	0.00010605359683780568	0.00021911900173100348	-22.077356
Litaf	-4.2832594	0.00010882950187562851	0.00022439072551675983	-2.1169965
Tmtc1	-4.3066025	0.00010994190464855226	0.00022621791079949026	-2.032205
Heg1	4.2984257	0.00011486447419810203	0.00023586134332259144	2.6098847
Tspan2	-4.2753086	0.00011558002539632293	0.00023684431433672733	-2.5564613
Pydc4	-3.8515933	0.00011833998217154259	0.000242004053520537	-21.518719
Pls1	-4.254572	0.00012443360581884452	0.0002539461343241725	-2.5201519
Vav3	-4.2513733	0.00012618091935468463	0.000256987615793655	-2.5330877
Emcn	4.237738	0.00013848599252053165	0.0002814755945539261	4.807545
Tnni3	-3.8121948	0.00013885381561672518	0.0002816507416160754	-20.834238
Mob3b	-4.1724834	0.0001454660559633383	0.0002944657003306444	-2.4549859
Itpr2	4.2156973	0.00014771330333278727	0.00029841071380361066	2.935304
Bin1	-4.185992	0.00015804850454710802	0.00031864617852239523	-1.7661397
Epb41l2	4.164708	0.00017165389010906614	0.000345380060581622	2.1455264
Arhgap31	4.154694	0.00017722872989776645	0.0003558809837304547	2.5807302
Adarb2	-4.1389446	0.0001781264226762443	0.0003569667789103092	-1.8760079
Ccr2	-3.746818	0.0001804508143625233	0.0003609016287250466	-21.883938
Wfdc2	-3.7304385	0.00019257345837534807	0.00038437816042983646	-21.355545
Ets1	4.1230736	0.00019545090007083178	0.0003893444224518561	4.271202
Trhde	-4.0993457	0.00020382824446901534	0.00040473368616881247	-2.1824422
Plcxd3	-4.0988274	0.00020398577782908148	0.00040473368616881247	-2.5261745
Pard3b	4.09411	0.00021276628501856168	0.00042131937627437957	2.6808634
Kcnmb2	-4.0565543	0.00021935593872330635	0.0004335097603227398	-2.446129
Tec	4.0413504	0.0002494914685033852	0.0004920936262394185	4.3402977
Sdk1	-4.0269713	0.0002533115556324049	0.000498644794551978	-1.8137878
Slc22a2	-3.6560438	0.0002579096346774519	0.0005066986928830096	-21.323008
Rgs1	-3.5677726	0.00036230108172592885	0.0007093350943865341	-21.268694
Lgmn	-3.902523	0.00036247023323151894	0.0007093350943865341	-2.4291346
Mpzl1	-3.8203475	0.0004582408127632579	0.0008950015874282381	-2.0014496
Fa2h	-3.805455	0.00047944802818905574	0.0009345965461774966	-2.4040232
Eva1b	3.7830803	0.0005342824810519718	0.0010394600798676492	5.7465677
Dcun1d4	-3.7745104	0.0005362125447203169	0.0010411894072239164	-2.3728297
Sparcl1	3.7561543	0.0005751144472494598	0.001114562882266395	1.7309923
Rab31	-3.7280118	0.0006128699743445984	0.0011854351534711768	-1.7712808
Il11	-3.4089062	0.000655711463324018	0.0012658522457992627	-20.95223
Cytip	-3.4001687	0.0006769946784763852	0.0013044213458119176	-20.940765
Olfm3	-3.6827192	0.0007017984684025953	0.00134961243923576	-1.8336078
Cxcl10	-3.3897164	0.0007032972864541154	0.0013498988223687434	-21.354662
Pla1a	3.6620543	0.0007586795061197397	0.001453409015555057	6.717327
Ptch1	-3.629212	0.0008141751862876882	0.0015567403179496905	-2.0366268
P2ry12	-3.595297	0.0008945027833151218	0.0017070663803723698	-2.3152592
Cd5l	-3.3068287	0.0009480726044139249	0.0018058525798360474	-21.097687
Enpp2	-3.5097394	0.001150887551634666	0.0021879991475944223	-1.4986267
Ms4a4c	-3.2348971	0.0012221995597668034	0.002319164250031885	-21.059757
Gatm	3.4836934	0.0012572204109980501	0.002381099263253883	1.9375054
Dcdc2a	3.4786367	0.0012797441857010964	0.0024191761544444163	4.727795
Fkbp5	-3.466951	0.0012999359322069188	0.00245270930605079	-1.7506665
Tnf	-3.2110026	0.0013283694396758507	0.00250018849479051	-20.937166
Adamtsl1	-3.454614	0.0013301002792285514	0.00250018849479051	-2.2649999
Eng	3.421818	0.0015005561950544592	0.002815302429745702	3.8761125
Prdx6	-3.4038107	0.0015443879810506057	0.0028921123240648046	-1.8868439
Cldn11	-3.3845887	0.00162104920937802	0.003029998522201906	-1.9006343
Siglec1	-3.1506062	0.0016357998080524972	0.003051865313530778	-21.035444
Car2	-3.3586013	0.0017545874473966479	0.003267388170198599	-1.9005996
Itgax	-3.1150546	0.0018461233271583322	0.0034314559984355616	-20.843489
Arhgef10	-3.3291006	0.001901955708909707	0.003528674784619122	-1.8879955
Slc38a2	-3.301353	0.0020775561994260394	0.003847326295233406	-1.48162
Arrdc3	-3.2755313	0.0022011590685932577	0.0040686858938877215	-1.8850447
Cfh	3.2820628	0.002212535873985063	0.004082169509197533	3.2062438
Cspg5	-3.2564723	0.0023511313122502255	0.004329891919429512	-1.6791013
Cadps2	-3.2539525	0.002366492733477249	0.004350170465950825	-1.74044
Tbx3	3.2380056	0.0024997769835632244	0.004586746758831604	6.2721457
Slit2	-3.2311623	0.002514806462562076	0.004605872642055084	-1.6608796
Sirpa	-3.208171	0.002682821211381596	0.004904609161575129	-1.8403726
Epas1	3.183657	0.0028968072406616143	0.005286144599747471	2.993058
Col8a1	3.1230457	0.0034150883591794324	0.0062205616742794755	3.5780334
Ttr	3.1183496	0.003449139546475396	0.006271162811773447	1.1944736
Cdk6	3.073414	0.0039017971822764273	0.007081301601227635	3.334463
Smad7	-3.0289855	0.004343519047726717	0.007868693927041153	-1.6411866
Zfhx3	3.0205882	0.004484578344602629	0.008109544926948695	1.6475773
Glul	-3.009898	0.004563031825471685	0.008236519540562608	-1.4464753
Cst3	2.997621	0.004756062533875534	0.00856948204301898	1.0305567
Htra1	-2.9914596	0.004785664742069395	0.00860731068717517	-2.1096203
Cpq	2.9950628	0.004804569338919183	0.008625797735941082	2.4644184
Pltp	2.9854786	0.004927175159010496	0.008825515649227659	2.8613575
Msn	2.9851456	0.004933463247918261	0.008825515649227659	3.2520947
Zfpm2	-2.971282	0.005076765998822895	0.009065653569326596	-1.447463
Itih5	2.9732418	0.005091885730591304	0.009076445152569168	3.7137544
Rem1	2.9722729	0.005106710318105878	0.009086673163889461	7.520786
Mndal	2.961456	0.005253876497147686	0.00933192983507582	5.872777
Mfap5	-2.7833602	0.005393521425118652	0.009562981250210377	-20.36354
Bicc1	2.9447224	0.005484784594342501	0.009707583352818587	2.0399826
Wwtr1	2.940026	0.005553687039677455	0.009812167914624479	2.7435405
Gfod2	-2.9299798	0.005649245696217469	0.009963396289625167	-2.0537415
Uba7	-2.7651064	0.005704487538422369	0.010043111863419664	-20.443281
Asb16	-2.7618954	0.005760835059867802	0.010124490439134978	-20.31153
Dlx6os1	-2.9048278	0.006033098656144582	0.010584383607271198	-2.072794
Gng11	2.9033995	0.006111382072150284	0.010702945835639728	2.8429868
Hpgds	-2.8849053	0.006339247792185086	0.011082601035288613	-2.0550187
Dock8	-2.8671443	0.006477946785552847	0.01130531725227373	-2.0229065
Slc22a8	2.8763788	0.006559766438014079	0.011428164526156933	4.2746468
Ccr1	-2.6447372	0.008192664178897687	0.01424811161547424	-20.586584
Zfp804b	-2.7781568	0.008371925601787067	0.014534593058658103	-1.4374629
Clec4n	-2.6360707	0.008404690856062408	0.014566188658687017	-20.662634
Ddr2	2.7752855	0.008507558801951127	0.01471895986496735	4.34068
Enpep	2.7668722	0.008693091542412882	0.015013975030074064	6.3512692
Zc3hav1	2.7413692	0.009271633915399067	0.015985575716205288	3.5269513
Bcl2a1d	-2.601574	0.009298145622385845	0.01600369298173123	-20.198801
Rhoj	2.7290099	0.00956004458260474	0.016426193440901616	2.3586535
Agmo	2.7260962	0.00962656388165609	0.016512116435087633	2.0444942
Slamf7	-2.5841794	0.009780037099376977	0.016742299317335643	-20.437689
Rtkn2	-2.7088451	0.009794245100641351	0.016742299317335643	-1.9447916
Csf1r	-2.704768	0.009904461744916167	0.01690181185139278	-1.954715
Mcam	2.7126307	0.00996883600119391	0.016982684840194055	3.2987828
Timp3	2.6934187	0.01045834566408938	0.01778630214981187	1.8220054
Myl9	2.6843152	0.010707131476699286	0.018178491471475867	4.994142
Acsl3	-2.6735022	0.010929277771976054	0.018524199613518737	-1.4697852
Col4a5	2.6666942	0.011188764875007017	0.018931920262279217	4.2057476
Tm4sf1	2.6376388	0.012024447747980675	0.02031156714185925	3.1667092
Slc7a2	2.6296208	0.012268315064927444	0.020688558288241895	3.2688024
C1qtnf7	2.611949	0.012820026808309164	0.021582536714325192	5.3408723
Gpc3	2.5928743	0.013434721923466085	0.022579364577253926	3.333091
Fam20a	2.576299	0.013990771884710287	0.023474449470990415	2.6999543
Apold1	2.5740325	0.014073649504102987	0.02357395226817921	4.8705754
Crip1	2.561803	0.014498791118594392	0.024245470097983935	3.6938827
Rasgrp3	2.5602336	0.014546291753028524	0.024284293410732096	2.166081
Rgs20	-2.5452309	0.01503756156184816	0.025062602603080266	-1.2496904
Anpep	2.540316	0.015283277894734885	0.025429746913036413	6.1823583
Tbx18	2.5225322	0.0159573772230299	0.026507271134601162	5.0297804
Mylip	2.5189242	0.016090737642658833	0.02668447370258513	2.3606656
Unc13c	2.4989393	0.016875649438704052	0.027939816951496776	1.3715459
Mt2	-2.4795442	0.017568615731027564	0.029039034266161265	-1.8803793
Ifitm1	2.4562912	0.018718829483099112	0.030889157562869824	4.7274375
Prox1	-2.4499586	0.01886129390201094	0.031072971831978484	-1.8638767
Dach1	2.4433763	0.01929027119224261	0.03172741972408324	1.5926245
Rgcc	2.4418626	0.01936692882142389	0.03180119675110655	2.4501777
Slfn5	2.4405086	0.019436787658889017	0.03186358632604757	4.4809494
Chd7	-2.4123106	0.02068569217055897	0.03385547000091484	-1.5413482
Oas3	-2.2945216	0.02178835595495644	0.0356018888152883	-20.148016
Ntng1	-2.3879805	0.02191191823402563	0.0357453804796503	-1.1772594
Tmem63a	-2.3711848	0.02265621785849431	0.036899377619697575	-1.811072
Itgb5	2.3482058	0.024148626611647916	0.03926605953113482	1.9404769
Mylk4	2.3331265	0.02503453876493642	0.04064048500801366	8.26261
Spock2	-2.3242712	0.025499360781499437	0.04132797533468304	-1.2682462
Ccl7	-2.2237985	0.026192010711631956	0.04238189435539152	-19.829184
Gnai2	2.279497	0.02832129497787905	0.04575330367993384	1.7626145
Daam2	2.276531	0.02850380308829835	0.04597387594886831	1.4124165
Mt1	2.267833	0.02907180480803661	0.04681450049603319	1.0611051
Esam	2.233241	0.03149057428710792	0.05054666819760501	3.106999
Plin2	2.2274709	0.031906024532609455	0.05113144957148951	3.1070054
Col27a1	2.215706	0.032770136161692616	0.052432217858708184	3.0765631
Sparc	2.212059	0.03302737674797025	0.052759387776310306	1.7727747
Nfe2l2	2.1572883	0.037351190345063665	0.05957127646740616	1.9876254
Mgp	2.1475847	0.03817917839901497	0.06079487006212574	2.7765987
Ms4a8a	-2.0714958	0.0383469752041784	0.06096498442635676	-19.98995
Spp1	2.1447184	0.038412207601886614	0.06097175809823272	1.9657469
Chst9	-2.1294386	0.039437253979653135	0.062499610110385316	-1.6930424
Abca9	2.1054265	0.04190363154919719	0.06630321447657783	2.5445795
Cttnbp2nl	-2.0978873	0.042485121980749836	0.06701123340812278	-1.3991735
Lrrk1	2.0659602	0.04568512317535022	0.07194507586669326	2.4311588
Runx3	-1.9949598	0.04608379261326539	0.07245879341708394	-19.497566
Tagln2	2.0586407	0.04642540574532336	0.07288132770066462	3.2695153
Lrig1	2.0520248	0.04708529549660376	0.07380140359969241	1.8001925
Cebpd	2.0360744	0.048748942404211	0.07628942473272457	3.0368698
Lpcat2	-2.0334582	0.04885557084951148	0.07633682945236168	-1.6675879
Slc22a19	-1.9514489	0.051041255460117646	0.07962754361952831	-19.854776
Vwc2l	-2.006771	0.051789959022125125	0.08066971810299864	-1.6653806
S100a11	2.006926	0.05190191383577953	0.08071837299499149	3.0896044
Myl6	1.9606972	0.05725284904403342	0.08890193950936866	1.4031255
Il1r1	1.9427894	0.05947071213731968	0.09220265447646461	3.2243319
Ifitm3	1.9314841	0.060889820416219036	0.09411100528009124	2.2915885
Ier3	1.9261163	0.061587923576073754	0.09504309193838542	3.1601222
Atp5e	-1.916182	0.06273696753915436	0.09666713026063846	-1.3682868
Csrp1	-1.9154087	0.0628437357133097	0.09668267032816877	-1.3162425
Tgfb1	1.8950063	0.06570345271195778	0.10092696269117939	2.709996
Gpr149	-1.8823261	0.06724850249937236	0.10314187499903736	-1.5751873
Lef1	1.8722696	0.06885399936615051	0.10528134459656041	1.960028
Atp1b2	1.8524846	0.07170972028026112	0.10931359798820293	1.5556295
Itpkb	1.8477739	0.07241104528085954	0.11021468079278468	1.9070836
Dach2	-1.8433725	0.07263968088657645	0.11039465180330767	-1.5434456
Hexb	-1.8434958	0.07290463710666378	0.11062919136064306	-1.0410924
Tshz2	1.8044267	0.07905076077536301	0.11959267893398337	1.1013389
Ehd2	1.7780576	0.08339125609131386	0.1259686647905043	3.492599
Hamp	-1.7285423	0.08393265955374479	0.12640460776166385	-19.096958
Chchd10	1.7715429	0.08446034157440745	0.12700803244271797	1.1046175
Ppap2b	1.7631475	0.08586166376942674	0.1289214170712113	1.0555208
Steap4	1.757189	0.08694001216597387	0.13034484582604777	6.676156
Bmpr1b	-1.7517495	0.08772149967663295	0.1312799647088252	-1.311457
Calcrl	1.7520081	0.08782629639020406	0.1312799647088252	2.355521
Tfap2a	1.7512324	0.08797454220688379	0.13130528687594595	7.1010466
Adgrf5	1.7493896	0.0882724795125404	0.13155362073403934	2.3173506
Piezo2	1.6959623	0.09805935348986426	0.14575731481349585	2.6878622
B4galt1	-1.6944923	0.09809467286948272	0.14575731481349585	-1.1762204
Dcn	1.6873703	0.09971448203667657	0.14794433536598897	2.8783107
